{
  "category": "jra",
  "fit_year": 2025,
  "classes": ["nige", "senkou", "sashi", "oikomi"],
  "calibrators": {
    "nige": {
      "x": [
        0.0, 0.01010101, 0.02020202, 0.03030303, 0.04040404, 0.05050505, 0.06060606, 0.07070707,
        0.08080808, 0.09090909, 0.1010101, 0.11111111, 0.12121212, 0.13131313, 0.14141414,
        0.15151515, 0.16161616, 0.17171717, 0.18181818, 0.19191919, 0.2020202, 0.21212121,
        0.22222222, 0.23232323, 0.24242424, 0.25252525, 0.26262626, 0.27272727, 0.28282828,
        0.29292929, 0.3030303, 0.31313131, 0.32323232, 0.33333333, 0.34343434, 0.35353535,
        0.36363636, 0.37373737, 0.38383838, 0.39393939, 0.4040404, 0.41414141, 0.42424242,
        0.43434343, 0.44444444, 0.45454545, 0.46464646, 0.47474747, 0.48484848, 0.49494949,
        0.50505051, 0.51515152, 0.52525253, 0.53535354, 0.54545455, 0.55555556, 0.56565657,
        0.57575758, 0.58585859, 0.5959596, 0.60606061, 0.61616162, 0.62626263, 0.63636364,
        0.64646465, 0.65656566, 0.66666667, 0.67676768, 0.68686869, 0.6969697, 0.70707071,
        0.71717172, 0.72727273, 0.73737374, 0.74747475, 0.75757576, 0.76767677, 0.77777778,
        0.78787879, 0.7979798, 0.80808081, 0.81818182, 0.82828283, 0.83838384, 0.84848485,
        0.85858586, 0.86868687, 0.87878788, 0.88888889, 0.8989899, 0.90909091, 0.91919192,
        0.92929293, 0.93939394, 0.94949495, 0.95959596, 0.96969697, 0.97979798, 0.98989899, 1.0
      ],
      "y": [
        0.0, 0.0, 0.0, 0.0, 0.0, 0.0, 0.0, 0.0006006, 0.00230947, 0.00435323, 0.00435323,
        0.00719424, 0.00821468, 0.00821468, 0.0121873, 0.0121873, 0.0121873, 0.01315789, 0.0221998,
        0.0221998, 0.0298103, 0.03869969, 0.04522613, 0.06597938, 0.07142857, 0.07142857,
        0.07142857, 0.09992314, 0.09992314, 0.09992314, 0.09992314, 0.11666667, 0.12887828,
        0.12887828, 0.16074766, 0.16074766, 0.16883117, 0.18085106, 0.20449438, 0.20449438,
        0.20449438, 0.26031746, 0.28389831, 0.28389831, 0.2924282, 0.2924282, 0.32371134,
        0.32371134, 0.32371134, 0.36567164, 0.375, 0.41062802, 0.41062802, 0.42910448, 0.42910448,
        0.42910448, 0.42910448, 0.4952381, 0.51010101, 0.51010101, 0.56445313, 0.56445313,
        0.56445313, 0.56445313, 0.56445313, 0.61702128, 0.65, 0.65269461, 0.65269461, 0.68341709,
        0.68341709, 0.68341709, 0.78947368, 0.78947368, 0.78947368, 0.80722892, 0.80722892,
        0.80722892, 0.80722892, 0.88571429, 0.91216216, 0.91216216, 0.91216216, 0.91216216,
        0.9537037, 0.9537037, 0.9537037, 0.98387097, 0.98387097, 0.98387097, 0.98387097, 1.0, 1.0,
        1.0, 1.0, 1.0, 1.0, 1.0, 1.0, 1.0
      ]
    },
    "senkou": {
      "x": [
        0.0, 0.01010101, 0.02020202, 0.03030303, 0.04040404, 0.05050505, 0.06060606, 0.07070707,
        0.08080808, 0.09090909, 0.1010101, 0.11111111, 0.12121212, 0.13131313, 0.14141414,
        0.15151515, 0.16161616, 0.17171717, 0.18181818, 0.19191919, 0.2020202, 0.21212121,
        0.22222222, 0.23232323, 0.24242424, 0.25252525, 0.26262626, 0.27272727, 0.28282828,
        0.29292929, 0.3030303, 0.31313131, 0.32323232, 0.33333333, 0.34343434, 0.35353535,
        0.36363636, 0.37373737, 0.38383838, 0.39393939, 0.4040404, 0.41414141, 0.42424242,
        0.43434343, 0.44444444, 0.45454545, 0.46464646, 0.47474747, 0.48484848, 0.49494949,
        0.50505051, 0.51515152, 0.52525253, 0.53535354, 0.54545455, 0.55555556, 0.56565657,
        0.57575758, 0.58585859, 0.5959596, 0.60606061, 0.61616162, 0.62626263, 0.63636364,
        0.64646465, 0.65656566, 0.66666667, 0.67676768, 0.68686869, 0.6969697, 0.70707071,
        0.71717172, 0.72727273, 0.73737374, 0.74747475, 0.75757576, 0.76767677, 0.77777778,
        0.78787879, 0.7979798, 0.80808081, 0.81818182, 0.82828283, 0.83838384, 0.84848485,
        0.85858586, 0.86868687, 0.87878788, 0.88888889, 0.8989899, 0.90909091, 0.91919192,
        0.92929293, 0.93939394, 0.94949495, 0.95959596, 0.96969697, 0.97979798, 0.98989899, 1.0
      ],
      "y": [
        0.0, 0.0, 0.00098522, 0.00271003, 0.00595238, 0.00660066, 0.01550388, 0.01550388,
        0.02152191, 0.02527076, 0.02527076, 0.04301075, 0.04301075, 0.0625, 0.06489185, 0.06489185,
        0.08453838, 0.09345794, 0.10669456, 0.10669456, 0.11787072, 0.13766234, 0.14137931,
        0.1678273, 0.1678273, 0.17317487, 0.21021776, 0.21021776, 0.24496374, 0.24496374,
        0.28214286, 0.28708791, 0.30812854, 0.33255814, 0.33255814, 0.34946871, 0.37204301,
        0.40562249, 0.42604502, 0.46153846, 0.46618705, 0.53357401, 0.53357401, 0.53357401,
        0.56940063, 0.56940063, 0.62848297, 0.65726681, 0.65726681, 0.68085106, 0.68981481,
        0.68981481, 0.71856287, 0.72419929, 0.72419929, 0.7953668, 0.80952381, 0.83333333,
        0.86666667, 0.86666667, 0.86666667, 0.86666667, 0.90510949, 0.90510949, 0.90510949,
        0.92537313, 0.92537313, 0.92537313, 0.92537313, 0.94623656, 0.94623656, 0.94623656,
        0.94623656, 0.95890411, 0.95890411, 0.95890411, 0.95890411, 0.95890411, 0.96969697,
        0.96969697, 0.96969697, 0.96969697, 0.96969697, 0.96969697, 0.97163419, 0.99275392, 1.0,
        1.0, 1.0, 1.0, 1.0, 1.0, 1.0, 1.0, 1.0, 1.0, 1.0, 1.0, 1.0, 1.0
      ]
    },
    "sashi": {
      "x": [
        0.0, 0.01010101, 0.02020202, 0.03030303, 0.04040404, 0.05050505, 0.06060606, 0.07070707,
        0.08080808, 0.09090909, 0.1010101, 0.11111111, 0.12121212, 0.13131313, 0.14141414,
        0.15151515, 0.16161616, 0.17171717, 0.18181818, 0.19191919, 0.2020202, 0.21212121,
        0.22222222, 0.23232323, 0.24242424, 0.25252525, 0.26262626, 0.27272727, 0.28282828,
        0.29292929, 0.3030303, 0.31313131, 0.32323232, 0.33333333, 0.34343434, 0.35353535,
        0.36363636, 0.37373737, 0.38383838, 0.39393939, 0.4040404, 0.41414141, 0.42424242,
        0.43434343, 0.44444444, 0.45454545, 0.46464646, 0.47474747, 0.48484848, 0.49494949,
        0.50505051, 0.51515152, 0.52525253, 0.53535354, 0.54545455, 0.55555556, 0.56565657,
        0.57575758, 0.58585859, 0.5959596, 0.60606061, 0.61616162, 0.62626263, 0.63636364,
        0.64646465, 0.65656566, 0.66666667, 0.67676768, 0.68686869, 0.6969697, 0.70707071,
        0.71717172, 0.72727273, 0.73737374, 0.74747475, 0.75757576, 0.76767677, 0.77777778,
        0.78787879, 0.7979798, 0.80808081, 0.81818182, 0.82828283, 0.83838384, 0.84848485,
        0.85858586, 0.86868687, 0.87878788, 0.88888889, 0.8989899, 0.90909091, 0.91919192,
        0.92929293, 0.93939394, 0.94949495, 0.95959596, 0.96969697, 0.97979798, 0.98989899, 1.0
      ],
      "y": [
        0.0, 0.0, 0.0, 0.0, 0.00416667, 0.0304878, 0.04368932, 0.06021898, 0.06021898, 0.06021898,
        0.06609808, 0.08803502, 0.08803502, 0.08803502, 0.12179487, 0.12818746, 0.12818746,
        0.13182898, 0.15434783, 0.17001723, 0.17001723, 0.197378, 0.21465969, 0.22473605,
        0.24189868, 0.24189868, 0.28292683, 0.29385965, 0.29549902, 0.35714286, 0.3826087,
        0.42071882, 0.45317919, 0.46356453, 0.47302905, 0.53387704, 0.53387704, 0.5415677,
        0.58271078, 0.62380301, 0.62380301, 0.67318757, 0.67318757, 0.67326733, 0.75732218,
        0.75732218, 0.75732218, 0.80729167, 0.80840336, 0.80840336, 0.81511254, 0.81511254,
        0.81511254, 0.88461538, 0.91044776, 0.9270073, 0.93266833, 0.93266833, 0.93266833,
        0.93266833, 0.94680851, 0.94680851, 0.96428571, 0.97014925, 0.97014925, 0.97014925, 1.0,
        1.0, 1.0, 1.0, 1.0, 1.0, 1.0, 1.0, 1.0, 1.0, 1.0, 1.0, 1.0, 1.0, 1.0, 1.0, 1.0, 1.0, 1.0,
        1.0, 1.0, 1.0, 1.0, 1.0, 1.0, 1.0, 1.0, 1.0, 1.0, 1.0, 1.0, 1.0, 1.0, 1.0
      ]
    },