{
  "category": "nar",
  "fit_year": 2025,
  "classes": ["nige", "senkou", "sashi", "oikomi"],
  "calibrators": {
    "nige": {
      "x": [
        0.0, 0.01010101, 0.02020202, 0.03030303, 0.04040404, 0.05050505, 0.06060606, 0.07070707,
        0.08080808, 0.09090909, 0.1010101, 0.11111111, 0.12121212, 0.13131313, 0.14141414,
        0.15151515, 0.16161616, 0.17171717, 0.18181818, 0.19191919, 0.2020202, 0.21212121,
        0.22222222, 0.23232323, 0.24242424, 0.25252525, 0.26262626, 0.27272727, 0.28282828,
        0.29292929, 0.3030303, 0.31313131, 0.32323232, 0.33333333, 0.34343434, 0.35353535,
        0.36363636, 0.37373737, 0.38383838, 0.39393939, 0.4040404, 0.41414141, 0.42424242,
        0.43434343, 0.44444444, 0.45454545, 0.46464646, 0.47474747, 0.48484848, 0.49494949,
        0.50505051, 0.51515152, 0.52525253, 0.53535354, 0.54545455, 0.55555556, 0.56565657,
        0.57575758, 0.58585859, 0.5959596, 0.60606061, 0.61616162, 0.62626263, 0.63636364,
        0.64646465, 0.65656566, 0.66666667, 0.67676768, 0.68686869, 0.6969697, 0.70707071,
        0.71717172, 0.72727273, 0.73737374, 0.74747475, 0.75757576, 0.76767677, 0.77777778,
        0.78787879, 0.7979798, 0.80808081, 0.81818182, 0.82828283, 0.83838384, 0.84848485,
        0.85858586, 0.86868687, 0.87878788, 0.88888889, 0.8989899, 0.90909091, 0.91919192,
        0.92929293, 0.93939394, 0.94949495, 0.95959596, 0.96969697, 0.97979798, 0.98989899, 1.0
      ],
      "y": [
        0.0, 0.00037359, 0.00037359, 0.00197141, 0.00379687, 0.00633771, 0.01243339, 0.01554908,
        0.01698571, 0.01698571, 0.0302748, 0.03278689, 0.03278689, 0.03785489, 0.04237288,
        0.04619758, 0.05562827, 0.06207928, 0.06594724, 0.06594724, 0.07630058, 0.08080808,
        0.08222958, 0.08695652, 0.10075758, 0.10075758, 0.1065033, 0.1065033, 0.12253521,
        0.12430939, 0.13301088, 0.14903846, 0.15757267, 0.15757267, 0.15757267, 0.17421125,
        0.17421125, 0.19664269, 0.19664269, 0.19664269, 0.19664269, 0.19664269, 0.22316384,
        0.22361809, 0.23632038, 0.23632038, 0.25625, 0.25625, 0.29198683, 0.30649588, 0.30649588,
        0.31905465, 0.31905465, 0.33980583, 0.33980583, 0.33980583, 0.38018742, 0.38018742,
        0.38944724, 0.38944724, 0.43504274, 0.43504274, 0.43504274, 0.43504274, 0.47902098,
        0.47902098, 0.47982063, 0.53741497, 0.56053068, 0.56053068, 0.59637562, 0.59637562,
        0.59637562, 0.62934363, 0.62934363, 0.62934363, 0.69053708, 0.69053708, 0.69940476,
        0.69940476, 0.69940476, 0.69940476, 0.74468085, 0.76923077, 0.76923077, 0.8, 0.8,
        0.87692308, 0.87692308, 0.87692308, 0.93442623, 0.94230769, 1.0, 1.0, 1.0, 1.0, 1.0, 1.0,
        1.0, 1.0
      ]
    },
    "senkou": {
      "x": [
        0.0, 0.01010101, 0.02020202, 0.03030303, 0.04040404, 0.05050505, 0.06060606, 0.07070707,
        0.08080808, 0.09090909, 0.1010101, 0.11111111, 0.12121212, 0.13131313, 0.14141414,
        0.15151515, 0.16161616, 0.17171717, 0.18181818, 0.19191919, 0.2020202, 0.21212121,
        0.22222222, 0.23232323, 0.24242424, 0.25252525, 0.26262626, 0.27272727, 0.28282828,
        0.29292929, 0.3030303, 0.31313131, 0.32323232, 0.33333333, 0.34343434, 0.35353535,
        0.36363636, 0.37373737, 0.38383838, 0.39393939, 0.4040404, 0.41414141, 0.42424242,
        0.43434343, 0.44444444, 0.45454545, 0.46464646, 0.47474747, 0.48484848, 0.49494949,
        0.50505051, 0.51515152, 0.52525253, 0.53535354, 0.54545455, 0.55555556, 0.56565657,
        0.57575758, 0.58585859, 0.5959596, 0.60606061, 0.61616162, 0.62626263, 0.63636364,
        0.64646465, 0.65656566, 0.66666667, 0.67676768, 0.68686869, 0.6969697, 0.70707071,
        0.71717172, 0.72727273, 0.73737374, 0.74747475, 0.75757576, 0.76767677, 0.77777778,
        0.78787879, 0.7979798, 0.80808081, 0.81818182, 0.82828283, 0.83838384, 0.84848485,
        0.85858586, 0.86868687, 0.87878788, 0.88888889, 0.8989899, 0.90909091, 0.91919192,
        0.92929293, 0.93939394, 0.94949495, 0.95959596, 0.96969697, 0.97979798, 0.98989899, 1.0
      ],
      "y": [
        0.0, 0.0009542, 0.00420286, 0.01168224, 0.01271186, 0.0221169, 0.03400309, 0.03622251,
        0.03897638, 0.04948897, 0.05211082, 0.05539773, 0.07694859, 0.08615949, 0.08950617,
        0.10079576, 0.1183391, 0.12153038, 0.13507378, 0.13507378, 0.15511892, 0.15778894,
        0.17471144, 0.18409261, 0.18409261, 0.23118866, 0.23813997, 0.24019608, 0.24413146,
        0.27806122, 0.28014616, 0.28977273, 0.31757844, 0.31757844, 0.31757844, 0.34448328,
        0.34738041, 0.38022561, 0.39208364, 0.40800763, 0.40800763, 0.40800763, 0.43512658,
        0.46307385, 0.46338171, 0.46338171, 0.46511628, 0.50601604, 0.52161383, 0.53488372,
        0.55184412, 0.55679012, 0.58490566, 0.58490566, 0.60133333, 0.60833333, 0.63673058,
        0.63673058, 0.64388489, 0.6912114, 0.69946092, 0.69946092, 0.72154116, 0.72154116,
        0.72154116, 0.75862069, 0.75862069, 0.75862069, 0.78571429, 0.78571429, 0.85606061,
        0.85606061, 0.85606061, 0.90163934, 0.90163934, 0.90163934, 0.90163934, 0.99557301, 1.0,
        1.0, 1.0, 1.0, 1.0, 1.0, 1.0, 1.0, 1.0, 1.0, 1.0, 1.0, 1.0, 1.0, 1.0, 1.0, 1.0, 1.0, 1.0,
        1.0, 1.0, 1.0
      ]
    },
    "sashi": {
      "x": [
        0.0, 0.01010101, 0.02020202, 0.03030303, 0.04040404, 0.05050505, 0.06060606, 0.07070707,
        0.08080808, 0.09090909, 0.1010101, 0.11111111, 0.12121212, 0.13131313, 0.14141414,
        0.15151515, 0.16161616, 0.17171717, 0.18181818, 0.19191919, 0.2020202, 0.21212121,
        0.22222222, 0.23232323, 0.24242424, 0.25252525, 0.26262626, 0.27272727, 0.28282828,
        0.29292929, 0.3030303, 0.31313131, 0.32323232, 0.33333333, 0.34343434, 0.35353535,
        0.36363636, 0.37373737, 0.38383838, 0.39393939, 0.4040404, 0.41414141, 0.42424242,
        0.43434343, 0.44444444, 0.45454545, 0.46464646, 0.47474747, 0.48484848, 0.49494949,
        0.50505051, 0.51515152, 0.52525253, 0.53535354, 0.54545455, 0.55555556, 0.56565657,
        0.57575758, 0.58585859, 0.5959596, 0.60606061, 0.61616162, 0.62626263, 0.63636364,
        0.64646465, 0.65656566, 0.66666667, 0.67676768, 0.68686869, 0.6969697, 0.70707071,
        0.71717172, 0.72727273, 0.73737374, 0.74747475, 0.75757576, 0.76767677, 0.77777778,
        0.78787879, 0.7979798, 0.80808081, 0.81818182, 0.82828283, 0.83838384, 0.84848485,
        0.85858586, 0.86868687, 0.87878788, 0.88888889, 0.8989899, 0.90909091, 0.91919192,
        0.92929293, 0.93939394, 0.94949495, 0.95959596, 0.96969697, 0.97979798, 0.98989899, 1.0
      ],
      "y": [
        0.0, 0.01140684, 0.02095808, 0.03614458, 0.06409048, 0.07644444, 0.08385093, 0.09454545,
        0.11486486, 0.12135036, 0.1408805, 0.16856781, 0.17204301, 0.19806763, 0.19806763,
        0.20150115, 0.22269706, 0.23642384, 0.23728814, 0.25297619, 0.25601751, 0.28395889,
        0.28395889, 0.30473752, 0.30769231, 0.32363636, 0.32443532, 0.3449692, 0.37213793,
        0.37259343, 0.37259343, 0.41218406, 0.4172448, 0.43223664, 0.43223664, 0.45539906,
        0.47178252, 0.49366667, 0.49366667, 0.51020408, 0.52378156, 0.52378156, 0.54730473,
        0.57121439, 0.58298539, 0.58298539, 0.59445844, 0.61824953, 0.62987552, 0.63906339,
        0.63906339, 0.67278287, 0.68120301, 0.69738863, 0.70212766, 0.73204197, 0.73204197,
        0.73204197, 0.7605985, 0.7605985, 0.81454545, 0.81454545, 0.81454545, 0.84659091,
        0.84659091, 0.85714286, 0.88235294, 0.88235294, 0.93333333, 0.95833333, 0.95833333,
        0.95833333, 0.9982782, 1.0, 1.0, 1.0, 1.0, 1.0, 1.0, 1.0, 1.0, 1.0, 1.0, 1.0, 1.0, 1.0, 1.0,
        1.0, 1.0, 1.0, 1.0, 1.0, 1.0, 1.0, 1.0, 1.0, 1.0, 1.0, 1.0, 1.0
      ]
    },